cur_link,email
ADES,contact@turbinehq.com
AE-Italia,info@sonkyoenergy.com
AE-Italia,info@tcturbines.com
AE-Italia,info@waterlilyturbine.com
AE-Italia,support@waterlilyturbine.com
Aeolos,info@aeolusenergygroup.com
Aeolos,sales@alamy.com
Aeolos,sales@windturbinestar.com
Aeolos,sales@windturbinestar.com
Aeolos,sales@windturbinestar.com
aerodyn,info@EmmaHollandPR.com
aerodyn,info@XZERES.com
Aerolite,username@example.com
AIRCON,info@greenthinking.com
Anelion,6058operations@dandelionrenewables.com
Anelion,6058operations@dandelionrenewables.com
Anelion,6126info@allgaierprocess.com
Anelion,6126info@allgaierprocess.com
Anelion,contact@ecocelrenewables.com
Anelion,hello@dandelionenergy.com
Anelion,ilyas@dandelionenergy.com
Anelion,info@anelion.com
Anelion,support@dandelionenergy.com
Aria,6205info@allgaier.com
Aria,info@mgtairfilters.com
Atlantic Orient,6205info@allgaier.com
Austrowind,info@4coffshore.com
Austrowind,info@anelion.com
Austrowind,joelbaird@freepressmedia.com
Austrowind,sales@windturbinestar.com
Austrowind,sales@windturbinestar.com
Austrowind,support@shpock.com
Austrowind,vertrieb@austrowind.com
Aventa,hydro@atbrc.com
Aventa,info@arianturbine.com
Aventa,info@atbrc.com
Aventa,nuclear@atbrc.com
Aventa,sales@atbrc.com
B%C3%96WE,media@technavio.com
Bergey,info@awincogroup.com
Bergey,info@awincogroup.com
Bergey,sales@bergey.com
Bergey,sales@bergey.com
Bergey,sales@bergey.com
Bergey,sales@bergey.com
Bergey,sales@bergey.com
Blue Max,99sales@senvion.com
Blue Max,sales@bergey.com
Bornay,feedback@natitools.com
Bornay,info@thesolarstore.com
Bornay,info@thesolasrtore.com
Bosted,baleares@bornay.com
Bosted,bornay@bornay.com
Bosted,bornay@bornay.com
Bosted,bornay@bornay.com
Bosted,bornay@bornay.com
Bosted,bornay@bornay.com
Bosted,bornay@bornay.com
Bosted,Consultingsupport@bluemaxenergy.com
Bosted,gerry@nfenergies.com
Bosted,info@awincogroup.com
Bosted,info@bluemaxdrilling.com
Bosted,info@siemensgamesa.com
Bosted,mail@solidwindpower.com
Bosted,orders@poweracu.com
Bosted,sales@bornay.com
Bosted,sales@wewentgreen.com
Bosted,teamboosted@boostedshades.com
Bouma,Emma@sparesinmotion.com
Bouma,gonzalez@sparesinmotion.com
Bouma,sales@windturbinestar.com
Bouma,support@sparesinmotion.com
Bouma,support@sparesinmotion.com
Braun Windturbinen,gonzalez@sparesinmotion.com
Braun Windturbinen,gonzalez@sparesinmotion.com
Braun Windturbinen,info@symcogroup.com
Braun Windturbinen,info@xpeedturbinetechnology.com
Braun Windturbinen,membership@awordaboutwind.com
Braun Windturbinen,sales@bergey.com
Braun Windturbinen,sales@bergey.com
Braun Windturbinen,sales@bergey.com
Braun Windturbinen,sales@bergey.com
Braun Windturbinen,sales@bergey.com
Braun Windturbinen,support@sparesinmotion.com
Braun Windturbinen,support@sparesinmotion.com
Braun Windturbinen,support@sparesinmotion.com
Br%C3%BCmmer,info@awincogroup.com
Br%C3%BCmmer,sales@bergey.com
Britwind,beachwindenergy@gmail.com
C&F,7053office@boumaorthotics.com
C&F,africa@gasturbineresources.com
C&F,asia@gasturbineresources.com
C&F,australia@gasturbineresources.com
C&F,europe@gasturbineresources.com
C&F,northamerica@gasturbineresources.com
C&F,sales@gasturbineresources.com
C&F,southamerica@gasturbineresources.com
CHAVA,carter@kolbahomes.com
CHAVA,info@chavawind.com
Coemi,info@chavawind.com
Coemi,info@chavawind.com
Coemi,info@chavawind.com
Coemi,info@chavawind.com
Concord,email@gmail.com
Concord,humanresources@concordpacific.com
Concord,info@concordcranes.com
Concord,media@concordpacific.com
Concord,Udzenija@concordpacific.com
Dana,3333info@concordedistributing.com
Dana,breviniuk@dana.com
Dana,fanclub@danawinner.com
Dana,humanresources@concordpacific.com
Dana,info@concordcranes.com
Dana,InvestorRelations@dana.com
Dana,management@danawinner.com
Dana,media@concordpacific.com
Dana,mellsworth@pjpower.com
Dana,US@dana.com
Danish Wind Turbines,info@4coffshore.com
DANmark,irfan@marketinsightsreports.com
DANmark,sales@marketinsightsreports.com
DANmark,service@siemensgamesa.com
DANREGN,gts@gasturbineservices.com
DANREGN,Pox331@gmail.com
DANREGN,Pox331@gmail.com
DIRECTTECH,customerfeedback@directed.com
DIRECTTECH,info@silentrevolution.com
Dornier,info@chavawind.com
Dornier,wind@concordgroup.com
DR ZABER,056info@skydivespain.com
DR ZABER,biuro@zaber.com
DR ZABER,dispatch@alkanair.com
DR ZABER,dispatch@alkanair.com
DR ZABER,floatplanes@alkanair.com
DR ZABER,floatplanes@alkanair.com
DR ZABER,ftuinfo@alkanair.com
DR ZABER,ftuinfo@alkanair.com
DR ZABER,infoasia@dornier.com
DR ZABER,info@dornier.com
DR ZABER,infoeurope@dornier.com
DR ZABER,info@silentrevolution.com
DR ZABER,machines@zaber.com
DR ZABER,ms@dornierseawings.com
DR ZABER,office@dornierseawings.com
DR ZABER,sales@dornierseawings.com
DR ZABER,sentry@zaber.com
DR ZABER,ycd@alkanair.com
DR ZABER,ycd@alkanair.com
DR ZABER,zefir@zaber.com
DWT Danish Wind Tech,email@gmail.com
DWT Danish Wind Tech,enterprise@turbosquid.com
DWT Danish Wind Tech,enterprise@turbosquid.com
DWT Danish Wind Tech,info@powerclimberwind.com
DWT Danish Wind Tech,johnoneil945@gmail.com
DWT Danish Wind Tech,legitfirm@gmail.com
DWT Danish Wind Tech,productsupport@powerclimberwind.com
DWT Danish Wind Tech,robertgriffinloanfunds@outlook.com
DWT Danish Wind Tech,sales@powerclimberwind.com
EAZ Wind,info@eazwind.com
Ecoener,admin@mygenerator.com
Ecoener,admin@mygenerator.com
Ecoener,deimoswind@gmail.com
Ecoener,sales@energyonthehook.com
ecot%C3%A8cnia,evolution@skf.com
ecot%C3%A8cnia,info@eazwind.com
ecot%C3%A8cnia,info@pitchbook.com
ecot%C3%A8cnia,support@sparesinmotion.com
Ecovent,biuro@zaber.com
Ecovent,EmailWilber@ecoventusa.com
Ecovent,gonzalez@sparesinmotion.com
Ecovent,Info@g2wind.com
Ecovent,support@sparesinmotion.com
Ecovent,support@sparesinmotion.com
enair,info@newelfin.com
enair,info@newelfin.com
enair,support@sparesinmotion.com
enair,support@sparesinmotion.com
enbreeze,ashooke@yahoo.com
enbreeze,info@anchitispat.com
enbreeze,info@riseecovent.com
enbreeze,matthew@eazwind.com
enbreeze,poesjesub12@gmail.com
Endurance,9463marketing@endurancewindpower.com
Endurance,info@dc21group.com
Endurance,info@eazwind.com
Endurance,info@enbreeze.com
Endurance,info@enbreeze.com
Endurance,info@enbreeze.com
Endurance,jobs@enbreeze.com
Endurance,wilson@fticonsulting.com
Enercon,contact@relentlesstechnology.com
Enercon,lpynn@postmedia.com
Enertech,1348EMAILaustinw@enertech.com
Enertech,2924EMAILmarka@enertech.com
Enertech,7827EMAILmadisonm@enertech.com
Enertech,8685EMAILbryceb@enertech.com
Enertech,ecotecnia@ecotecnia.com
Enertech,hr@enertechups.com
Enertech,info@enbreeze.com
Enertech,info@enbreeze.com
Enertech,info@enbreeze.com
Enertech,purchase@enertechups.com
Enertech,recruitment@enertechups.com
Enertech,sales@enertechups.com
Enertech,service@enertechups.com
Enertech,support@enertechups.com
Ennera Energy,enertech@enertech.com
Ennera Energy,sales@enertech.com
Ennera Energy,sales@marketresearchfuture.com
EolArt,1551info@eocycle.com
EolArt,dangelo@enessere.com
EolArt,enertech@enertech.com
EolArt,glemser@enessere.com
EolArt,info@enbreeze.com
EolArt,info@enertechwind.com
EolArt,info@enessere.com
EolArt,info@eocycle.com
EolArt,sales@enertech.com
EolArt,Shop@solarturbines.com
EolArt,tessaro@enessere.com
EolArt,uk@eocycle.com
EolArt,vendas@wobben.com
EOLYS,Emaileolica@eolica.com
EOLYS,eolica@eolica.com
EOLYS,inquiries@coromuel.com
EOLYS,lee@lego.com
EOLYS,sales@windturbinestar.com
Eovent,help@canavents.com
ESPE,commercial@ennera.com
ESPE,info@enessere.com
Evoco,dori@erinirestaurant.com
FIAT,hmnmail@hemmings.com
F.L.Smidth,info@eocycle.com
F.L.Smidth,turboblading@stork.com
Fortis,COVID19Recovery@fortisbc.com
Fortis,customerinquiry@fortisbc.com
Fortis,customerservice@fortisbc.com
Fortis,electricrebates@fortisbc.com
Fortis,general@itctransco.com
Fortis,info@becol.com
Fortis,info@flsmidth.com
Fortis,info@flsmidth.com
Fortis,info@fortiswindenergy.com
Fortis,info@maritimeelectric.com
Fortis,info@newfoundlandpower.com
Fortis,info@uns.com
Fortis,investorrelations@fortisinc.com
Fortis,rebates@fortisbc.com
Fortis,unsubscribe@fortisbc.com
FuturEnergy,gonzalez@sparesinmotion.com
FuturEnergy,info@4coffshore.com
FuturEnergy,support@sparesinmotion.com
Gaia,info@fet.com
Genvind,info@evocoenergy.com
Ghrepower,info@fet.com
Ghrepower,Info@gffcapital.com
Ghrepower,info@glfturbine.com
Ghrepower,inquiry@gffg.com
Ghrepower,inquiry@gffg.com
Ghrepower,rogersolution@gmail.com
Goslich,tbreda@goedeckeco.com
Goslich,vlginfo@vlgoedecke.com
Goslich,vlginfo@vlgoedecke.com
Goslich,wixofday@wix.com
Green Power sarl,caroline@gasturbinecontrols.com
Green Power sarl,info@ecogreenes.com
Green Power sarl,purchasing@gasturbinecontrols.com
Green Power sarl,windsupport@skyclimber.com
Greenstorm,info@ghrepower.com
Greenstorm,info@gpglb.com
Greenstorm,infostorm@greenstorm.com
Hannevind Vindkraft,jantzen@mallardaircraft.com
Hannevind Vindkraft,s268@sina.com
Hedan,contact@vincenthedan.com
Hedan,info@srcgreenpower.com
Henning Friis Jensen,UsHeidelbergmotorservice@gmail.com
Henning Friis Jensen,wixofday@wix.com
Henrik Stiesdal,contact@greenpowersarl.com
Heyde Windtechnik,info@stiesdal.com
Hibbeln,ake@hannevind.com
Hi-VAWT,member@taiwantrade.com
Hi-VAWT,sales@hibbent.com
Honnef,sakale2050@gmail.com
HSWind,Cached19clay@gmail.com
IMPEC,info@impecgroup.com
I.R.D.,info@monsterindia.com
Iskra,barbara@aimedean.com
Iskra,info@buzzfile.com
Jacobs Wind Electric,contact@RPMjets.com
Kaman,golubski@howden.com
Kaman,measuring@kaman.com
Kaman,measuring@kaman.com
Kaman,morales_gallego@howden.com
Kaman,turbines@howden.com
Kessler,info@iskrawind.com
Kestrel Ltd.,advertising@kestrelmeters.com
Kestrel Ltd.,info@kessler.com
Kestrel Ltd.,info@kestrelmeters.com
Kestrel Ltd.,ios@kesslercrane.com
Kestrel Ltd.,repairs@kesslercrane.com
Kestrel Ltd.,sales@kesslercrane.com
Kestrel Ltd.,support@kesslercrane.com
Kestrel Ltd.,techsupport@kestrelmeters.com
Kleinwind GmbH,kerr@kingspan.com
K.M. Vindm%C3%B8ller,info@4coffshore.com
K.M. Vindm%C3%B8ller,karoosolar@gmail.com
K.M. Vindm%C3%B8ller,kesselspune@gmail.com
Kongsted,info@lmwindpower.com
Krampitz,contact@kingspan.com
Krampitz,pvenquiry2@kingspan.com
Kramsbjerg M%C3%B8llen,info@kingspanwind.com
Lahmann   Stampa,info@businessinwind.com
Lahmann   Stampa,jmiguel@lahmannent.com
Lahmann   Stampa,nicholas@kompulsa.com
Lahmann   Stampa,president@lahmannent.com
LMW,info@lagerwey.com
LMW,info@lmwglobal.com
LMW,info@lmwindpower.com
Made - Endesa,clientservices@accessintel.com
Made - Endesa,gonzalez@sparesinmotion.com
Made - Endesa,support@sparesinmotion.com
MAN,support@sparesinmotion.com
Manufacturer,aug@mandieselturbo.com
Manufacturer,cn@mandieselturbo.com
Manufacturer,cph@mandieselturbo.com
Manufacturer,customercare@triveniturbines.com
Manufacturer,feedback@topionetworks.com
Manufacturer,info@mandtelectric.com
Manufacturer,info@mandtsystem.com
Manufacturer,info@yourshop.com
Manufacturer,in@mandieselturbo.com
Manufacturer,kr@mandieselturbo.com
Manufacturer,Managermandtcenter@gmail.com
Manufacturer,mandtcenter@gmail.com
Manufacturer,microhydropower@126.com
Manufacturer,mktg@triveniturbines.com
Manufacturer,partnerships@mandtvr.com
Manufacturer,pl@mandieselturbo.com
Manufacturer,Sales@energyacuity.com
Manufacturer,support@sparesinmotion.com
Manufacturer,support@sparesinmotion.com
Marlec,dmori@cpusL.com
Marlec,energy@siemens.com
Micon,gonzalez@sparesinmotion.com
Micon,support@sparesinmotion.com
Micon,support@sparesinmotion.com
Mitsubishi,support@sparesinmotion.com
Mitsubishi,support@sparesinmotion.com
MOWEA,info@electricenergyonline.com
NEPC,gonzalez@sparesinmotion.com
NEPC,naoya_kanamura@mhps.com
NEPC,support@sparesinmotion.com
NEW,energy@siemens.com
NEW,energy@siemens.com
NEW,info@murphyintldev.com
NEW,InvestorRelations@newfoundlandpower.com
NEW,website@icpwind.com
Nordic Folkecenter,hello@windaftermarket.com
Nordic Folkecenter,info@businessinwind.com
Nordic Folkecenter,sales@rapidonline.com
Nordic Folkecenter,support@sparesinmotion.com
Nordtank,bhawkins@newinco.com
Nordtank,cxu@newinco.com
Nordtank,gonzalez@sparesinmotion.com
Nordtank,info@businessinwind.com
Nordtank,info@o2owind.com
Nordtank,jreed@newinco.com
Nordtank,lwingard@newinco.com
Nordtank,mbnewell@newinco.com
Nordtank,minman@newinco.com
Nordtank,support@sparesinmotion.com
Nordtank,support@sparesinmotion.com
Nordtank,support@sparesinmotion.com
NORTHEL,spravka@blscustos.com
Oldemarkt,contractuk@gerflor.com
Oldemarkt,gerflorirl@gerflor.com
Oldemarkt,info@kingspanlightandair.com
Oldemarkt,info@theNBS.com
Oldemarkt,literatureline@etexgroup.com
Oldemarkt,manufacturers@theNBS.com
Oldemarkt,uk@franke.com
PACWIND,info@northel.com
PACWIND,sales@osirisenergy.com
PACWIND,sales@pacwindsolar.com
Paques,sales@pacwindsolar.com
Phaesun,aven@phaesun.com
Phaesun,cominfo@phaesun.com
Phaesun,cominfo@phaesun.com
Phaesun,cominfo@phaesun.com
Phaesun,cominfo@phaesun.com
Phaesun,info@paques.com
Phaesun,koresin@phaesun.com
Phaesun,lade@phaesun.com
Phaesun,leuschner@phaesun.com
Phaesun,sacks@phaesun.com
Phaesun,sales@phaesun.com
Phaesun,schroeder@phaesun.com
Phaesun,semere@phaesun.com
Phaesun,vanas@paques.com
Phaesun,wagner@phaesun.com
PM Wind,michelle@9to5mac.com
Poulsen,contact@poulsenlaw.com
Poulsen,sales@allwindturbine.com
primus windpower,info@northernpower.com
Proven,emailFred@ProvenEnergySystems.com
Proven,info@ProvenEnergySystems.com
Proven,Service@ProvenEnergySystems.com
PSW,sales@osirisenergy.com
Rago,3608karen@ragoarts.com
Rago,3612laurenb@ragoarts.com
Rago,3616mick@ragoarts.com
Rago,7150rwright@wright20.com
Rago,7221meredith@ragoarts.com
Rago,7225eliane@ragoarts.com
Rago,7226owen@ragoarts.com
Rago,7230dianne@ragoarts.com
Rago,9374info@ragoarts.com
Rago,9377info@ragoarts.com
Rago,bids@ragoarts.com
Rago,condition@ragoarts.com
Rago,consign@ragoarts.com
Rago,eliane@ragoarts.com
Rago,info@cestarcollege.com
Rago,info@cestarcollege.com
Rago,info@ragoarts.com
Rago,press@ragoarts.com
Rago,shipping@ragoarts.com
Rago,username@example.com
Rago,webmaster@ragoarts.com
Ratier-Figeac,info@cestarcollege.com
Ratier-Figeac,info@webosolar.com
Ratier-Figeac,sales@planeparts360.com
Raum Energy,info@phaesun.com
Raum Energy,sales@asapaog.com
Raum Energy,sales@asapbuying.com
Raum Energy,username@example.com
Reymo,feedback@globeandmail.com
Reymo,letters@globeandmail.com
Reymo,publiceditor@globeandmail.com
RG Wind,media@technavio.com
Riva Calzoni,hydro@atbrc.com
Riva Calzoni,info@atbrc.com
Riva Calzoni,nuclear@atbrc.com
Riva Calzoni,sales@atbrc.com
Rulis El%C3%A9ctrica,info@provenenergy.com
Rulis El%C3%A9ctrica,info@ropatec.com
Rulis El%C3%A9ctrica,info@ropatec.com
Rulis El%C3%A9ctrica,info@silentwindgenerator.com
Rulis El%C3%A9ctrica,info@silentwindgenerator.com
Rulis El%C3%A9ctrica,sales@raumenergy.com
Sande,contact@mhivestasoffshore.com
Sande,Headquarterssalesinfo@emarinesystems.com
Sande,info@robinsonmotorcycle.com
Sande,info@sandpiperturbine.com
Sande,info@silentwindgenerator.com
Sande,matke@mhivestasoffshore.com
Sande,Representativebeverhard@emarinesystems.com
Sande,robert@telparia.com
Sande,username@example.com
S%C3%BCdwind,info@soyutwind.com
S%C3%BCdwind,mail@solidwindpower.com
S%C3%BCdwind,pmorrell@skywolfwindturbines.com
Sch%C3%B6nball Energie,info@findpower.com
Sch%C3%B6nball Energie,info@scandinavianwind.com
Seaforth Energy,mmorris@seaforthenergy.com
SEAS / Johannes Juul,info@scandinavianwind.com
SEAS / Johannes Juul,info@silentwindgenerator.com
S&ei=UTF-8&nojs=,sencenbaugh@haynesboone.com
S&ei=UTF-8&nojs=,svecom@svecom.com
S&ei=UTF-8&nojs=,svecom@svecom.com
Sencenbaugh,info@ropatec.com
SkyWolf,contact@skysails.com
SkyWolf,corporatesecretary@skywolfwindturbines.com
SkyWolf,corporatesecretary@skywolfwindturbines.com
SkyWolf,corporatesecretary@skywolfwindturbines.com
SkyWolf,corporatesecretary@skywolfwindturbines.com
SkyWolf,corporatesecretary@skywolfwindturbines.com
Solacity,corporatesecretary@skywolfwindturbines.com
Solacity,corporatesecretary@skywolfwindturbines.com
Solacity,info@seaforthenergy.com
Solacity,Info@solacity.com
Solacity,Info@Solacity.com
Solacity,permissions@oup.com
Solid Wind,78mail@solidwindpower.com
Solid Wind,Info@solacity.com
Solid Wind,Info@solacity.com
Solid Wind,Info@solacity.com
Solid Wind,Info@Solacity.com
Solid Wind,Info@Solacity.com
Solid Wind,Info@Solacity.com
Solid Wind,mail@solidwindpower.com
Solid Wind,mail@solidwindpower.com
Solid Wind,mail@solidwindpower.com
Solid Wind,power@skysails.com
Sonebjerg,energy@siemens.com
Sonebjerg,Info@solacity.com
Sonebjerg,Info@solacity.com
Sonebjerg,Info@solacity.com
Sonebjerg,Info@Solacity.com
Sonebjerg,Info@Solacity.com
Sonebjerg,Info@Solacity.com
Soyut,Info@solacity.com
Soyut,Info@solacity.com
Soyut,Info@Solacity.com
Soyut,Info@Solacity.com
Soyut,info@soyut.com
Soyut,info@soyutwind.com
Soyut,ssptech@ssptech.com
Stoma,info@soyut.com
Stoma,info@soyutwind.com
Stoma,krat@gmail.com
Stoma,maximizing@hotmail.com
Stoma,permissions@oup.com
Stoma,permissions@oup.com
Storm Master,ann@webcampone.com
Storm Master,briankrans@gmail.com
Storm Master,cclo@example.com
Storm Master,datasubscriptions@buildzoom.com
Storm Master,dralanabiggers@gmail.com
Storm Master,info@usawind.com
Storm Master,jilliankubalanutrition@gmail.com
Storm Master,kajennings@dummy.com
Storm Master,kgunnars@example.com
Storm Master,name@email.com
Storm Master,nphillips@example.com
Storm Master,support@buildzoom.com
superwind,eldental_co@hotmail.com
superwind,Info@solacity.com
superwind,Info@Solacity.com
superwind,info@soyutwind.com
Svaneborg,Emma@sparesinmotion.com
Svaneborg,Info@Solacity.com
Svaneborg,martinsvaneborg@hotmail.com
Svaneborg,support@sparesinmotion.com
Svaneborg,vilte@svaneborgconsulting.com
S&W ENERGIESYSTEME,doug@klackomarine.com
S&W ENERGIESYSTEME,info@eltesanmobil.com
S&W ENERGIESYSTEME,info@nauticsupply.com
S&W ENERGIESYSTEME,info@starboardsun.com
S&W ENERGIESYSTEME,kk@superwind.com
S&W ENERGIESYSTEME,power@missioncriticalenergy.com
S&W ENERGIESYSTEME,sales@svecom.com
S&W ENERGIESYSTEME,svecom@svecom.com
Tornado Wind Ltd.,publicfile@14news.com
Tornado Wind Ltd.,sales@svecom.com
Tornado Wind Ltd.,support@sparesinmotion.com
Tornado Wind Ltd.,svecom@svecom.com
TUGE,info@soyutwind.com
TUGE,support@sparesinmotion.com
TUGE,support@sparesinmotion.com
Tyer Wind,support@sparesinmotion.com
UGE,info@tyerwind.com
UGE,info@urbangreenenergy.com
UGE,info@windturbinecompany.com
Unbekannt,info@tyerwind.com
Unbekannt,info@urbangreenenergy.com
Unbekannt,support@sparesinmotion.com
Unitron,morton@buildings.com
Unitron,svecom@svecom.com
Uni Wind,contact@unitronlp.com
UTRC,Contact@FoxCartGSE.com
UTRC,contact@unitronlp.com
UTRC,Contact@UnitronLP.com
UTRC,fred@urilic.com
UTRC,info@uswindinc.com
UTRC,sales@allwindturbine.com
UTRC,sales@urilic.com
UTRC,unitronenergy@gmail.com
UTRC,unitronenergy@yahoo.com
Ventimotor,info@uswindinc.com
Ventimotor,KBancroft@thespectrum.com
Ventis,33920490enquiry@ecofan.com
Ventis,info@occanada.com
Venturicon,infotozzinord@tozzigreen.com
Vergnet,frick@venturicon.com
Vergnet,hager@venturicon.com
Vergnet,info@venturicon.com
Vergnet,mizrahi@venturicon.com
Vestas,6008info@venturicon.com
Vestas,6308info@venturicon.com
Vestas,frick@venturicon.com
Vestas,hager@venturicon.com
Vestas,info@turbowinds.com
Vestas,info@tyerwind.com
Vestas,mizrahi@venturicon.com
Victor Energy,6008info@venturicon.com
Victor Energy,6308info@venturicon.com
Victor Energy,frick@venturicon.com
Victor Energy,hager@venturicon.com
Victor Energy,mizrahi@venturicon.com
Victor Energy,online@victoryturbine.com
Vindby,americas@vestas.com
Vindby,ame_service_sales@vestas.com
Vindby,andrew@gasturbineworld.com
Vindby,asianpacific@vestas.com
Vindby,asiapacific@vestas.com
Vindby,australia@vestas.com
Vindby,austria@vestas.com
Vindby,bdavis@gasturbineworld.com
Vindby,bhopman@victronenergy.com
Vindby,bnl@vestas.com
Vindby,Bulgaria@vestas.com
Vindby,celtic@vestas.com
Vindby,centraleurope@vestas.com
Vindby,ChinaAftermarket@vestas.com
Vindby,cmichelsen@victronenergy.com
Vindby,dalsina@victronenergy.com
Vindby,de@vestas.com
Vindby,dk@vestas.com
Vindby,dlopez@victronenergy.com
Vindby,elisovskis@victronenergy.com
Vindby,eolica@vestas.com
Vindby,gtw@mibmedia.com
Vindby,hager@venturicon.com
Vindby,hellas@vestas.com
Vindby,hnilsson@victronenergy.com
Vindby,info@4coffshore.com
Vindby,ireland@vestas.com
Vindby,italia@vestas.com
Vindby,ivarol@victronenergy.com
Vindby,jboonstra@victronenergy.com
Vindby,jklumpenaar@victronenergy.com
Vindby,ke@vestas.com
Vindby,korea@vestas.com
Vindby,lpopescu@victronenergy.com
Vindby,lyntema@victronenergy.com
Vindby,medfrancefrontdesk@vestas.com
Vindby,mediterranean@vestas.com
Vindby,medmexicoreception@vestas.com
Vindby,mizrahi@venturicon.com
Vindby,newzealand@vestas.com
Vindby,nkaarill@victronenergy.com
Vindby,northerneurope@vestas.com
Vindby,nvincent@victronenergy.com
Vindby,online@victoryturbine.com
Vindby,orders@gasturbineworld.com
Vindby,pgilmores@aol.com
Vindby,pgordon@victronenergy.com
Vindby,pl@vestas.com
Vindby,portugal@vestas.com
Vindby,pvos@victronenergy.com
Vindby,response@vestas.com
Vindby,rijzelendoorn@victronenergy.com
Vindby,romania@vestas.com
Vindby,salesaustralia@victronenergy.com
Vindby,salesfrance@victronenergy.com
Vindby,salessa@victronenergy.com
Vindby,salesUSACanada@victronenergy.com
Vindby,sales@victronenergy.com
Vindby,sales@victronenergy.com
Vindby,se@vestas.com
Vindby,trainingfrance@victronenergy.com
Vindby,trainingsa@victronenergy.com
Vindby,turkey@vestas.com
Vindby,udraeger@victronenergy.com
Vindby,unitronenergy@gmail.com
Vindby,vdebiasi@gasturbineworld.com
Vindby,vestasbr@vestas.com
Vindby,vestas@vestas.com
Vindby,VRUS@vestas.com
Vindby,ylefol@victronenergy.com
Vindby,za@vestas.com
VWT Power,americas@vestas.com
VWT Power,ame_service_sales@vestas.com
VWT Power,info@allsparesni.com
VWT Power,info@allsparesni.com
VWT Power,info@allsparesni.com
VWT Power,info@vwtpower.com
VWT Power,info@vwtpower.com
VWT Power,info@vwtpower.com
VWT Power,marketing@hfultontractors.com
VWT Power,marketing@hfultontractors.com
VWT Power,marketing@hfultontractors.com
VWT Power,Sales@visionairwind.com
Wenergy,corporate@vwti.com
Wenergy,info@oksolarhomes.com
Wenergy,info@vwtpower.com
Wenergy,info@vwtpower.com
Wenergy,info@vwtpower.com
Wenergy,info@vwtpower.com
Wenergy,info@vwtpower.com
Wenergy,info@vwtpower.com
Wenergy,info@vwtpower.com
Wenergy,info@vwtpower.com
Wenergy,info@wenergyglobal.com
Wenergy,info@werenewables.com
Wenergy,Middledrove@btinternet.com
Wenergy,niallfcorcoran@gmail.com
Wienpahl,airsystems@voith.com
Wienpahl,Emma@sparesinmotion.com
Wienpahl,gonzalez@sparesinmotion.com
Wienpahl,Info@voith.com
Wienpahl,info@vwtpower.com
Wienpahl,MarketingCanada@Voith.com
Wienpahl,news@kelownanow.com
Wienpahl,support@sparesinmotion.com
Wienpahl,support@sparesinmotion.com
Windflower,3557info@mayflowerwind.com
Windflower,chennai@thewindflower.com
Windflower,info@mayflowerwind.com
Windflower,reservations@thewindflower.com
Windflower,reservations@thewindflower.com
Windflower,support@sparesinmotion.com
Windharvester,Emma@sparesinmotion.com
Windharvester,gonzalez@sparesinmotion.com
Windharvester,reservations@thewindflower.com
Windharvester,support@sparesinmotion.com
Windharvester,support@sparesinmotion.com
Windharvester,support@sparesinmotion.com
Windkraft-Zentrale,frick@venturicon.com
Windkraft-Zentrale,krogh@gmail.com
Windspot,4940info@sonkyoenergy.com
Windspot,ayttesen@windmatic.com
Windspot,Ayttesen@windmatic.com
Windspot,Ayttesen@windmatic.com
Windturbinenwerke,info@vwtpower.com
Windturbinenwerke,monaco@intertek.com
Windworks,info@pioneerwincon.com
Windworks,support@sparesinmotion.com
Windworks,support@sparesinmotion.com
WWA,eventorganizer@thewwa.com
WWA,info@thewwa.com
WWA,membership@thewwa.com
XZERES Wind,6142info@ironauctions.com
XZERES Wind,info@ironauctions.com
Zenia Energy,Service5033887350info@xzeres.com
Zenia Energy,support@globalessaywriters.com
Zenia Energy,technical@xzeres.com
